{
  "frame_pixel_num": 2073600,
  "i_frame_num": 1,
  "p_frame_num": 599,
  "ave_i_frame_bpp": 0.00966820987654321,
  "ave_i_frame_psnr": 35.27522113432941,
  "ave_i_frame_msssim": 0.0,
  "ave_i_frame_psnr_y": 34.05962696825457,
  "ave_i_frame_psnr_u": 38.45528156517938,
  "ave_i_frame_psnr_v": 39.3887256999285,
  "ave_i_frame_msssim_y": 0.0,
  "ave_i_frame_msssim_u": 0.0,
  "ave_i_frame_msssim_v": 0.0,
  "test_time": 162.46227097511292,
  "ave_p_frame_bpp": 0.0005306555163956388,
  "ave_p_frame_psnr": 35.135177739548034,
  "ave_p_frame_msssim": 0.0,
  "ave_p_frame_psnr_y": 33.7516916883448,
  "ave_p_frame_psnr_u": 38.75934078644562,
  "ave_p_frame_psnr_v": 39.81193099987002,
  "ave_p_frame_msssim_y": 0.0,
  "ave_p_frame_msssim_u": 0.0,
  "ave_p_frame_msssim_v": 0.0,
  "ave_all_frame_bpp": 0.0005458847736625514,
  "ave_all_frame_psnr": 35.13541114520601,
  "ave_all_frame_msssim": 0.0,
  "avg_frame_encoding_time": 0.04488563860877086,
  "avg_frame_decoding_time": 0.05235518035242113,
  "ave_all_frame_psnr_y": 33.75220491381132,
  "ave_all_frame_psnr_u": 38.758834021076844,
  "ave_all_frame_psnr_v": 39.81122565770345,
  "ave_all_frame_msssim_y": 0.0,
  "ave_all_frame_msssim_u": 0.0,
  "ave_all_frame_msssim_v": 0.0
}