{
  "frame_pixel_num": 2073600,
  "i_frame_num": 1,
  "p_frame_num": 599,
  "ave_i_frame_bpp": 0.019405864197530865,
  "ave_i_frame_psnr": 37.4206598096206,
  "ave_i_frame_msssim": 0.0,
  "ave_i_frame_psnr_y": 36.59901778820019,
  "ave_i_frame_psnr_u": 39.05026789008938,
  "ave_i_frame_psnr_v": 40.7209038576743,
  "ave_i_frame_msssim_y": 0.0,
  "ave_i_frame_msssim_u": 0.0,
  "ave_i_frame_msssim_v": 0.0,
  "test_time": 160.25180196762085,
  "ave_p_frame_bpp": 0.0017542483357035389,
  "ave_p_frame_psnr": 37.61850224708761,
  "ave_p_frame_msssim": 0.0,
  "ave_p_frame_psnr_y": 36.740347185341335,
  "ave_p_frame_psnr_u": 39.17919660306028,
  "ave_p_frame_psnr_v": 41.32673826159266,
  "ave_p_frame_msssim_y": 0.0,
  "ave_p_frame_msssim_u": 0.0,
  "ave_p_frame_msssim_v": 0.0,
  "ave_all_frame_bpp": 0.001783667695473251,
  "ave_all_frame_psnr": 37.61817250969184,
  "ave_all_frame_msssim": 0.0,
  "avg_frame_encoding_time": 0.04642561653913078,
  "avg_frame_decoding_time": 0.0542048935162819,
  "ave_all_frame_psnr_y": 36.7401116363461,
  "ave_all_frame_psnr_u": 39.17898172187199,
  "ave_all_frame_psnr_v": 41.32572853758613,
  "ave_all_frame_msssim_y": 0.0,
  "ave_all_frame_msssim_u": 0.0,
  "ave_all_frame_msssim_v": 0.0
}