{
  "frame_pixel_num": 2073600,
  "i_frame_num": 1,
  "p_frame_num": 599,
  "ave_i_frame_bpp": 0.1839236111111111,
  "ave_i_frame_psnr": 40.142678140647035,
  "ave_i_frame_msssim": 0.0,
  "ave_i_frame_psnr_y": 39.87991705750367,
  "ave_i_frame_psnr_u": 39.86084449838911,
  "ave_i_frame_psnr_v": 42.00107828176519,
  "ave_i_frame_msssim_y": 0.0,
  "ave_i_frame_msssim_u": 0.0,
  "ave_i_frame_msssim_v": 0.0,
  "test_time": 161.8982434272766,
  "ave_p_frame_bpp": 0.02301086301242812,
  "ave_p_frame_psnr": 39.90898906780515,
  "ave_p_frame_msssim": 0.0,
  "ave_p_frame_psnr_y": 39.63466759613355,
  "ave_p_frame_psnr_u": 39.49251663244886,
  "ave_p_frame_psnr_v": 41.97139033319098,
  "ave_p_frame_msssim_y": 0.0,
  "ave_p_frame_msssim_u": 0.0,
  "ave_p_frame_msssim_v": 0.0,
  "ave_all_frame_bpp": 0.023279050925925925,
  "ave_all_frame_psnr": 39.90937854959322,
  "ave_all_frame_msssim": 0.0,
  "avg_frame_encoding_time": 0.046478425042103914,
  "avg_frame_decoding_time": 0.05445659160614014,
  "ave_all_frame_psnr_y": 39.63507634523584,
  "ave_all_frame_psnr_u": 39.49313051222543,
  "ave_all_frame_psnr_v": 41.97143981310528,
  "ave_all_frame_msssim_y": 0.0,
  "ave_all_frame_msssim_u": 0.0,
  "ave_all_frame_msssim_v": 0.0
}