{
  "frame_pixel_num": 2073600,
  "i_frame_num": 1,
  "p_frame_num": 599,
  "ave_i_frame_bpp": 0.046751543209876546,
  "ave_i_frame_psnr": 38.91279646385891,
  "ave_i_frame_msssim": 0.0,
  "ave_i_frame_psnr_y": 38.42935698066309,
  "ave_i_frame_psnr_u": 39.31910287172768,
  "ave_i_frame_psnr_v": 41.4071269551651,
  "ave_i_frame_msssim_y": 0.0,
  "ave_i_frame_msssim_u": 0.0,
  "ave_i_frame_msssim_v": 0.0,
  "test_time": 161.10720038414001,
  "ave_p_frame_bpp": 0.006133486366165832,
  "ave_p_frame_psnr": 39.121016623636756,
  "ave_p_frame_msssim": 0.0,
  "ave_p_frame_psnr_y": 38.64167441340633,
  "ave_p_frame_psnr_u": 39.366540035899256,
  "ave_p_frame_psnr_v": 41.75154647275655,
  "ave_p_frame_msssim_y": 0.0,
  "ave_p_frame_msssim_u": 0.0,
  "ave_p_frame_msssim_v": 0.0,
  "ave_all_frame_bpp": 0.006201183127572016,
  "ave_all_frame_psnr": 39.120669590037124,
  "ave_all_frame_msssim": 0.0,
  "avg_frame_encoding_time": 0.04641432802555925,
  "avg_frame_decoding_time": 0.05427301616991981,
  "ave_all_frame_psnr_y": 38.641320551018424,
  "ave_all_frame_psnr_u": 39.36646097395897,
  "ave_all_frame_psnr_v": 41.75097244022723,
  "ave_all_frame_msssim_y": 0.0,
  "ave_all_frame_msssim_u": 0.0,
  "ave_all_frame_msssim_v": 0.0
}